"V1","V2","getWords1","getWords2"
"SQN","j{d","pQ_","l{l"
"mQt","rVd","pQg","nVk"
"vQk","lEl","mQt","nEd"
"hQs","1gz","Qlv","n1b"
"vQk","fIp","zQJ","sIz"
"_QT","sk7","hQn","sk7"
"fQl","nuT","nQn","pug"
"l{f","Qlv","r{b","mQt"
"r{b","Vmd","w{s","gVz"
"f{S","hEt","f{S","JEf"
"n{J","r1g","d{T","g1J"
"j{J","bIk","j{J","JIb"
"w{n","kr7","v{m","sk7"
"{st","nu_","n{f","tun"
"_Vl","vQn","kVg","fQS"
"nVf","f{S","wVt","d{T"
"wVz","rEz","wVN","nEd"
"gVz","1gz","rVd","k1t"
"jVv","rIz","jVv","Ind"
"rVJ","sk7","Vmd","kr7"
"wVt","nuJ","pVv","suJ"
"zEk","nQN","rEl","hQn"
"Emf","{st","SEs","r{b"
"JES","nVf","bEm","wVt"
"TEg","g1f","JES","J1z"
"fEN","fIk","bEm","mIN"
"JES","dw7","hEt","sk7"
"mEg","ruk","TEg","num"
"w1m","gQf","n1b","sQm"
"t1z","z{f","J1S","{st"
"T1p","_Vm","sm1","wVz"
"z1J","SEn","m1S","lEl"
"1bd","TIf","k1f","sIm"
"g1d","dw7","J1S","kr7"
"b1g","Suf","g1d","JuJ"
"kIf","gQs","rIn","fQl"
"TIg","s{l","JIs","s{l"
"vIn","kVg","SIk","_Vm"
"JIs","Emf","fIs","sEm"
"sIS","n1n","fIs","h1f"
"TIz","dw7","IfT","dw7"
"_Ik","num","hI_","wu_"
"dw7","vQk","kr7","sQm"
"dw7","f{S","dw7","b{b"
"dw7","nVf","dw7","jVv"
"kr7","mEg","kr7","rEz"
"sk7","n1b","kr7","_1v"
"sk7","sId","kr7","TIf"
"dw7","suJ","kr7","kub"
"uld","gQf","rub","hQs"
"nuv","v{m","fub","v{m"
"ruS","pVv","fub","_Vl"
"suS","rEz","jun","JEf"
"fup","v1v","pug","r1g"
"fum","JIb","kuD","rIs"
"nuD","sk7","nuv","sk7"
