"V1","V2","V3","V4","V5","V6","V7","V8","V9"
"","","","","","","","z{f","nud"
"","","","","","","","f{S","mum"
"","","","","","","","_Vl","gEN"
"","","","","","","","gVz","gEN"
"","","","","","","","n{f","bQN"
"","","","","","","","b{b","fQl"
"","","","","","","","rIz","b{b"
"","","","","","","","sIg","f{S"
"","","","","","","","_Vm","l{f"
"","","","","","","","wVz","J{z"
"","","","","","","","_1k","kr7"
"","","","","","","","t1z","kr7"
"","","","","","","","T1S","rVJ"
"","","","","","","","n1b","gVz"
"","","","","","","","sIS","gQf"
"","","","","","","","pIm","dQd"
"","","","","","","","_Vm","l{f"
"","","","","","","","wVz","J{z"
"","","","","","","","sus","f{S"
"","","","","","","","nu_","j{J"
"","","","","","","","_Vm","f1b"
"","","","","","","","pVv","k1f"
"","","","","","","","lEl","zuf"
"","","","","","","","hEz","wuv"
"","","","","","","","mEg","gVz"
"","","","","","","","rEg","kVg"
"","","","","","","","z{f","fIf"
"","","","","","","","z{f","fIk"
