V1,V2,V3,V4,V5,V6,V7,V8,V9
TVNz,wIldZ,nein_,Tr7d,skrIlvd,g1ft,kVgz,nImT,fleip
eskt,gIkt,bleidZ,fl9ld,b1nd,n1_d,tSept,bIgd,peikt
griz,drIk,gleiS,plIsp,_ild,sp#n,griz,frIdZ,fleif
grun,tITt,weifT,Tw6nst,glunz,fIlnd,kwuT,dINk,veits
prag,glIl,gliz,g6n_d,kl2dz,fIlnd,rantS,glIf,twiz
jaast,skIk,prid,Tr#kt,skw{ft,p1lt,dZaaln,sIgz,drid
wVmT,dZInd,Trid,kw2k,fl3D,skw3dZ,klVm,nIlT,griz
hend,gwIg,friz,Elfs,f3k,frEld,dZeldZ,fIfs,twiz
weigz,kwIS,skri,skw3dZt,fr1nt,z9nt,klein,kInz,fliz
sumT,plIt,briz,sk1ks,skw9gz,w9b,drut,nIlm,pliz
halk,SIlt,kukt,nQNkt,sumT,Srut,hantS,pIsk,flud
daald,SIks,Twuk,Tr6lts,fr{nts,Sr1z,gwaan,bImf,sumT
dwVk,prIS,nunt,st4d,Sr1nts,w3_d,SrVn,dZIdZt,fuzd
dZeNT,kwIg,kruk,skwunT,fImps,skw9fT,velm,gInt,kuks
feilt,zImd,sjum,gIpTs,skr9ks,hINk,leipT,gIldZ,prub
prid,vIln,gund,trQlT,dwudZ,wQkst,briz,wIvd,dwug
glaag,drid,sQnT,kwQlft,blulz,r9Ts,raald,prid,klQs
kVvz,friz,SrQd,m9kt,gl3mz,sl3nd,kwVk,fliz,hQndZ
hekt,briz,rQnd,pVvz,smQnd,dIft,kwem,briz,swQm
gleiD,pliz,swQm,kw{b,spr3nz,j3md,gweil,Sriz,jQnt
TIlt,briz,gQfs,fr9nz,r3ts,kwIspt,tSIkt,gliz,nQNk
kwub,fliz,nQst,kw9md,dr{lvz,skrImT,nuks,drid,fQndZ
alks,twiz,gl{g,tr6z,_Elv,gwiz,jalz,fliz,T{zd
SrVN,Trid,g{ls,sn6nd,k1nT,jVmpst,zVndZ,prid,w{nz
hefs,friz,fr{g,gwusts,m9fT,zufs,gelf,friz,n{nt
keigz,briz,b{ps,gQlv,kwidz,v9pt,neipT,friz,p{n_
glIn,fliz,dZ{bz,sk9T,nIlm,T5gz,sIgz,skwi,t{ft
gruk,Sriz,b{lm,fIlp,twVpt,sl9d,vuld,skwi,br{z
naln,twiz,TVlp,bl9f,TufTs,SrVNz,sask,gliz,fVlb
kwaaS,pliz,zVnt,kwIdZ,n1fs,dw6nst,maamd,friz,gVfs
klE_,pliz,SVpT,sw9ts,vEskt,nukt,kwes,friz,Vlft
kleiS,gliz,vVNk,fliSt,sk3lts,krIgd,keimd,prid,TVpt
SrIN,pliz,nVsk,TVT,splVt,kw5z,twIv,pliz,smVdZ
nugd,griz,vVft,spr{nz,kl5ldz,kl5m,fund,briz,Vlft
gQNT,friz,zEfs,miks,b3nT,pl4dz,zagd,skri,jEks
kwaan,prid,bEmp,Sr9nTs,pr{l_,st3nT,naakt,prid,gEks
spVs,pliz,zElb,_Elks,gr9nd,fr9ld,Vlft,prid,skEs
reimd,friz,wEks,bl6St,gr9D,nEf,teimT,skri,nEdZt
glIN,drid,_Enz,dw9bz,t2bd,stjuf,TwIp,twiz,nENk
bufT,pliz,lEmd,kl#fs,wQk,kwukt,buks,Trid,wEkt
mamT,skri,geikt,sk1dZt,skr3md,swQlfs,kwadZ,briz,neilt
laanz,friz,kweif,kw9s,w#ndz,skw1k,naask,friz,nei_d
rVps,griz,tweiS,skwist,stVpT,skwImT,smVm,drid,sleim
telT,friz,_eivz,fQz,fr3bd,dZ9nt,bens,griz,kleiD
pImf,skwi,freik,hIkt,gwImps,skr3mz,krIg,fliz,reifs
skuS,pliz,kleik,suk,v9_d,skw9st,krum,pliz,jeimT
jalm,gliz,TIks,dwINk,kw9gz,s{ld,sask,skwi,blIb
kaabd,drid,grIf,gr5ks,zupt,v#ks,naaTs,briz,SIn_
nVlp,drid,krIm,kw3m,skr3nT,gr1kt,zVndZ,Trid,rImT
gwEdZ,Sriz,mINz,dw{ndZ,fr{nts,bElst,kweT,twiz,gInd
neibd,fliz,kwIdZ,Tr9ft,dw3k,sm6nTs,tweif,pliz,fIdZt
gwul,fliz,kwIS,dwEmps,stVNks,blEsk,kunT,Sriz,lImT
wavd,twiz,jups,gw1st,f6nT,g9gz,faldZ,briz,gjub
saamz,twiz,kufs,kl1mTs,d3ld,fl2n,naanz,drid,kruk
wVln,Trid,vubd,gl#gz,skw3st,Su_d,gVls,gliz,Srut
dZEsk,skwi,drudZ,skw1n,n2k,gl6zd,dZendZ,drid,dZumd
neipT,skri,vumd,_1st,TQg,hjunt,deild,fliz,wupT
TIndZ,Sriz,kwu_,gl{nT,fQdz,lints,gIkt,skwi,Sruk
fraam,fupt,hQmd,krum,swIf,frEnt,waalT,nupt,dQsk
TVks,kruv,dwQz,fuD,blIlm,_3_,hVkt,nuld,tQvz
wekt,fruS,Qmpt,drImpst,skw9s,sk9D,elmd,fumT,smQS
kweif,duks,nQlm,kw9gz,plud,splikt,Sreik,Twus,wQns
fIps,pu_d,vQft,bl9l,f9b,Elnd,brIs,mups,mQSt
skri,jumz,krQm,gl{bz,z9mTs,Tjup,Sriz,kwuk,TQln
nQNk,gjub,v{Nk,v5mTs,flElps,sl3l,kram,sulz,n{dz
gVks,vuTt,sn{f,klug,1v,skw6t,brVs,jups,k{st
kweT,dZubd,r{lt,wQNz,fl9_d,kwimz,dend,Tund,kw{b
skeik,wukt,f{Tt,gruzd,skist,fInd,beind,drudZ,w{dZt
TIft,Srum,g{mT,blEl_d,flidz,j#f,nIsp,Subz,p{ft
skri,gjuz,t{ft,pr9k,snild,sn3nT,friz,gumd,h{sk
gasp,zupt,snVp,smIl,s3st,s2lt,klal,hulz,nVns
kr{N,munt,kVNk,pl{st,brInst,TwEls,kwaadZ,krum,zVgd
wesp,skuf,rVlt,spQsks,dINk,_uf,gref,njus,wVmT
seibz,Trub,vVnt,p{l_d,gl2vz,T2mz,dweis,pugd,dVpt
gwIz,zufs,skVk,fr3lz,spr1b,skruTt,twIS,snub,SVps
friz,fluS,kVlm,sInst,SVkts,fr5t,friz,wudz,SVbz
malf,dZudz,TEln,gl9gd,k{kts,r5D,smad,fruz,hEnd
vaanT,fruS,SENk,kr#mT,spimz,fr2vz,maaft,kumd,zEkt
slVs,wunz,fEkt,fIlb,S3m,skw9lt,zVst,runT,sEls
heips,klub,wEvd,_Efs,_4t,flImz,SeipT,lulz,zEmd
sIsk,sust,zEnz,skrIksts,prumT,fr9pT,hIld,kruS,smEf
briz,nubz,hEkt,skw1ps,skr9fTs,kwIndZt,drid,kluS,gEfs
gaps,_uzd,klein,bl6ndz,_9md,sk1b,takt,kufs,dZeild
daapT,sups,neipT,dwQlt,skw{lt,fr{kt,naamp,sumz,kreim
zVsk,pudZt,zei_d,s{f,tINkst,skr{t,gVlb,Sruk,weigz
genz,rugd,peibz,kr{ndZt,slQf,fubz,kwem,Tubd,kleiz
pIlf,fupt,_eipT,stQlnd,Trund,rVnst,nIsp,fjun,preig
friz,prub,peikt,kluts,fl9ks,TrifTs,gliz,druk,jeibz
kwan,gwudZ,TIlf,skw5zd,tr6lt,sk5dZ,naln,skud,krIn
dwaal,truv,brIz,skw1fT,sk{nT,f6s,waaln,jumd,slIg
klVm,puft,SIn_,TwVmd,swukt,Sr2t,nVvz,fruv,hITs
gwEN,gwudZ,hINk,krul,jEpt,krVnts,pepT,krum,gIldZ
weimd,gruf,mINz,Sr{ndZ,Sr3f,gw9ldz,neizd,flu_,tIlk
Trid,huTs,trIdZ,l9ld,nik,kwElft,Trid,muft,mIpt
kraf,Tund,skwi,S#St,d3lz,fl1ndz,maSt,fruk,griz
waapT,grul,gliz,rIndZ,Tw5t,sm3sts,waand,kwud,briz
kVn_,gluk,prid,sk{k,gr1mz,rIl_,trVm,frun,Sriz
gwel,pruk,fliz,prVn,spluv,Sr5nd,kemf,bufs,drid
dZeizd,wubd,skri,sk9ndZt,skr#ft,tw2md,Tweiz,hunt,friz
gIks,wunz,gliz,gl9k,skr5nt,gwVlt,rImT,vuTt,gliz