V1,V2,V3,V1,V2,V3
jask,d{n_,kwVg,samT,_{kt,kVln
maSt,_{nJ,_Elk,zaln,h{ft,pEpT
wald,w{Jt,sk1S,Sraf,s{fT,dr1m
gwam,s{n_,gInJ,kwav,n{dz,flIv
dask,t{lt,skw7,sanJ,r{lJ,fl7z
dask,fl{N,Suks,skaS,n{n_,skum
Sald,dwVk,r{ld,kwaJ,fVfT,t{lt
klaf,rVns,rEmT,Sant,TVpt,JEsk
alnz,rVTt,p1bz,bran,zVst,Tw1t
klan,blVs,zIst,saln,flVm,TIpT
gwaS,rVlp,gl7z,samT,SVlp,fl7z
banz,rVlm,slub,krag,fVpT,fubz
jant,kwEk,sn{f,klal,pEpT,v{pt
bran,gwEN,TVnz,ranC,bEmp,dVps
fast,nElk,dr1t,gwam,mElf,n1nd
damz,JEdz,glIf,panz,mEnz,gIpT
wanz,drEk,Tr7d,zagd,dEpt,tw7z
falk,TEln,sumz,vaft,wElf,Tumd
dask,s1mT,n{nz,dask,gl1T,w{lk
pafs,d1ld,wVks,jamz,j1bz,slVl
Sant,f1ps,pEJt,kafT,v1ks,jEks
faft,g1n_,krIm,CapT,t1St,SITs
flav,p1Jt,fr7z,favd,gw1_,dr7d
wafs,p1ft,drut,jant,T1lz,Sult
lalv,wIpT,sk{m,CamT,TwIJ,fr{n
zakt,kwIg,kVmp,naft,TwIt,kVln
TQlJ,klId,gEnd,swam,swIf,kwEg
naln,swIf,sk1S,Srad,rInz,d1ps
fraS,nIlm,gl7z,naGz,sImz,Tr7d
fras,skIk,nups,vaTt,nIns,funT
SQlJ,pl7z,j{lk,Sald,fl7z,d{lz
bavz,Tr7d,kVn_,slaf,gl7z,SVn_
lafT,fl7z,kEts,saln,pl7z,prEz
wabz,Tr7d,n1bd,favd,skr7,f1lt
maTt,pl7z,TIln,ranC,fr7z,hITs
walt,fr7z,Tumd,gwaS,skr7,rugz
fran,drun,br{z,kalm,gunt,r{lm
nast,fjuJ,TVks,banC,kwug,kwVT
Talz,wugz,jENk,ramf,fruS,twEn
jalm,Tumd,st1p,gasp,ruvz,m1nT
salb,zulz,rInJ,falk,duld,sIgd
rQnJ,kuks,fr7z,ramT,zubd,pl7z
w@lk,flQl,glVb,w@vz,fQnJ,TVmT
h@ps,SQst,brEg,r@dz,rQvz,fEfs
v@nT,sQln,kw1T,f@ft,plQm,w1md
f@sp,rQmT,SIlt,gw@k,TrQn,sIlv
fr@n,fQnJ,Sr7z,J@kt,gQNT,Sr7z
n@dz,kwQ_,bufs,gl@g,vQTt,Tumd
n@nz,_Vlz,rQvz,fr@T,SVlt,_Qsk
v@nT,TVkt,drEm,n@nt,_Vlt,nENk
b@pT,rVTt,h1vd,b@fT,smVd,b1vd
v@dz,SVbz,krIm,s@nJ,nVlz,jIsk
J{vz,prVd,br7z,br@z,zVlv,fr7z
tr{N,JVlv,sust,gr@C,nVnd,kwuk
g@ks,sEnJ,bQnJ,z@fT,pEJt,bQvd
w@pt,jEst,gVfs,C@vz,klE_,sVls
gl@g,smEf,sk1m,fl@f,swEN,d1bz
gl@k,_Eln,krIm,T@Jd,_Eft,klId
h@ft,JEns,skr7,w@fs,kwEJ,fr7z
g@ls,TwEk,tubz,fr@g,Elnd,kuks
T{_d,bl1t,grQz,Tr@t,f1vd,plQk
p{n_,Sr1p,nVlf,f@ks,b1dz,kVgz
n@mT,kl1z,kwEs,kw@G,j1st,_Eln
z@ls,gw1l,zIst,n@sk,k1fs,klIb
g@ls,sk1d,tw7z,n@mp,kw1f,tw7z
fr@m,f1mT,druz,j@st,pr1s,klut
h@lv,gImp,nQft,v@lT,_Iks,TQnd
k@ld,SINT,gVks,sw@n,rIlk,fVlp
w@nd,drIk,rE_d,f@Gk,hIpt,wEn_
z@ln,SrIk,fr1b,z@fT,nIlk,d1ld
f@sp,rImT,skr7,r@ld,flIm,br7z
w@st,gIlJ,klun,T@ps,krIn,pumT
r@lt,gr7z,fQvz,C@bz,br7z,Qlks
kw@g,Sr7z,kVln,C@vz,Tr7d,fVlb
r@st,br7z,sETt,k@lp,fr7z,Eskt
m@ft,br7z,n1ks,l@ft,Sr7z,p1bz
s{n_,fr7z,gIst,k@Gk,skw7,TwIp
m@gd,skr7,wudz,r@fs,br7z,nubz
_{mf,fruS,Qlks,kw@C,bruk,frQn
fr@m,glu_,bVlJ,f@mz,pumT,glVg
k@ft,suft,skES,h@ps,grun,fENk
z@lf,mjum,Sr1s,b@pT,zund,fl1_
n{Nk,Su_d,rIls,k@lT,wunz,kImd
z@fT,kukt,Tr7d,j@lk,Suks,skr7
prV_,wQbz,s{ts,g^ft,dQsk,w{nT
d^mz,pQlJ,_E_d,v^pT,SQld,pEJt
b^fT,zQmz,r1fs,bl^s,flQm,p1pt
T^fT,gQpt,gIsk,S^lt,jQsk,nInT
k^ns,sQ_d,pl7z,f^pt,jQkt,Tr7d
k^dz,rQmT,funt,k^ln,klQs,trut
f^vz,fr{n,jQsk,S^zd,fl{N,kwQn
pl^z,s{Jt,dEpt,f^nz,r{fs,fEft
pr^n,d{lz,dr1t,r^lz,_{pT,n1n_
T^pt,z{nT,rIlT,v^nt,kw{m,dwIg
S^pT,r{fT,fr7z,p^lv,k{lp,dr7d
g^ls,t{nJ,Jund,z^nJ,sm{t,gwuD
gVNT,TEbd,fQkt,z^lv,TrEk,fQlk
n^st,TwEN,v{mz,s^Gz,TEmT,l{nz
b^lT,gElk,Sr1z,n^st,lEmd,p1md
r^dz,zEld,rInz,T^ft,kwEg,sIkt
j^lv,fElp,fl7z,r^nd,snE_,br7z
brVJ,smEJ,nubd,J^lt,rElT,Tust
T^mT,l1gz,lQNk,f^lp,n1_d,nQlm
r^lz,J1mT,n{lk,gl^n,pl1f,sm{N
d^ps,kl1k,fEls,k^lm,k1vd,hElk
bl^s,sw1s,smIf,kr^t,n1bd,spIb
S^ft,st1J,gl7z,f^fs,n1lt,skw7
T^ps,m1ft,nund,f^nz,gl1f,drun
sn^p,gIsk,mQst,pr^J,mIvz,brQs
r^lt,nIlk,w{fs,d^ps,grIs,s{n_
r^md,TwIJ,fENk,t^dz,gwIN,zEfs
SrVN,gIkt,gr1S,f^lv,rInd,gr1k
w^nT,gwIl,br7z,b^Ct,gITt,fl7z
w^nT,fIft,kunT,b^fT,fIlp,vubd
S^lf,skw7,vQft,tw^b,gl7z,fQlk
v^pT,fl7z,s{ts,gw^d,br7z,n{lf
gl^b,fr7z,sElv,l^pT,gl7z,kwEt
v^vd,Tr7d,pl1k,S^lf,pl7z,n1bz
n^sk,fr7z,TIpT,C^nt,gl7z,TIlt
n^mT,fr7z,ruvz,f^vz,Tr7d,_uvz
w^dz,Twuk,zQkt,n^st,djug,nQlT
r^lp,nupT,r{dz,r^pt,kufs,n{kt
w^sk,wunz,sEn_,fl^l,Judz,JElJ
_Vlt,dust,m1vz,r^nd,glun,sw1s
J^NT,rund,slIg,r^mz,Twun,plIt
T^nz,fruT,Sr7z,z^lv,zund,fl7z
selb,sQnz,r{fT,rens,fQft,s{ft
geps,flQm,rVpT,gwet,Qmpt,blVs
temT,TQlv,w1fT,velm,jQNk,n1fs
frEJ,_Qft,swIk,Test,Qndz,wIbz
gevz,lQNk,fr7z,Jesk,_Qft,Tr7d
tefs,nQl_,nund,sweG,kQlm,stuJ
gwel,d{l_,snQf,jelT,r{st,klQl
blen,d{n_,wVpT,Teln,z{lv,kVdz
lENz,kl{f,S1fT,skes,S{zd,_1bd
wekt,kr{N,tIst,selk,p{ft,snIS
TemT,S{zd,fr7z,rezd,sk{k,gr7z
stez,fr{n,_unT,dend,d{lz,Twuk
jeks,jVlv,flQb,Tren,wVln,smQS
swen,zVgd,w{vz,nenT,gwVd,S{ls
smek,zVn_,j1dz,tefs,bVlT,r1fs
_Enz,rVlp,TIfT,remT,wVln,pIlm
Tezd,smVm,fl7z,refT,grVJ,Tr7d
pEJt,pVlf,_ukt,Cedz,SVps,tuJt
geps,pr1s,fQl_,prez,t1St,fQvd
JEJt,st1b,f{n_,rels,gw1b,p{pT
_En_,v1bd,SrVl,kwez,T1fT,zVnT
vefs,kr1m,flIv,feGk,f1bz,drIf
memp,sw1g,tw7z,gweC,s1fT,fr7z
twEJ,d1mT,nukt,tesk,Sr1s,runT
pEJt,TIn_,nQft,CelC,pIld,tQkt
skes,TIfT,kw{g,venT,nIfs,Tr{t
temf,zInT,TVln,gemT,rImT,gVkt
TemT,SImp,fl1g,gwel,kwIs,fr1b
skev,SrIN,pr7d,gelm,Ikst,pl7z
tefs,JIft,fjub,helk,wIkt,fund
_E_d,fl7z,gQks,gend,skw7,sQmf
Tren,fr7z,v{lT,leGz,Sr7z,fl{z
_ElT,gr7z,brVJ,twes,tw7z,skVk
snE_,tw7z,l1gz,kleJ,br7z,fl1v
Tweb,fr7z,stIb,Telk,fl7z,slIs
ples,skr7,mubz,hekt,fr7z,skub
hend,fru_,JQmd,kwet,nugz,flQz
glez,truv,g{zd,sweG,klub,T{nT
pepT,rund,TVln,denC,stuf,JVnT
dend,nubd,h1nz,Cenz,Tuld,sw1s
skek,smuv,hIsk,elnd,bluf,grIz
brel,nunt,Sr7z,gwem,ruvz,dr7d
J1st,rQzd,d{l_,s1lt,kwQv,kl{g
n1Ct,Qlfs,flV_,gl1m,lQnd,nVlk
j1Ts,TQfT,zEfs,b1St,_Qks,kElv
sn1p,mQlf,grIf,sl1b,mQlf,SIJt
z1mT,slQf,skw7,d1ps,fQlT,pl7z
w1bz,fQlk,nulz,n1nd,tQvz,julz
n1lt,dw{s,jQmz,bl1t,g{ls,rQvz
gl1n,p{ft,rVmd,sn1g,S{lb,rVpt
gw1m,s{Jt,drEk,j1mT,k{Nk,frEf
s1fT,m{ft,blIn,sk1D,tw{b,nIfs
n1nT,w{Jt,fr7z,gr1f,r{ns,fl7z
w1bz,k{nJ,fluv,d1mT,z{fT,sjuf
sk1f,mVNT,klQs,kw1d,glVg,flQl
dr1t,TVSt,r{lt,Sr1T,SVn_,v{lT
l1gz,pVlf,fENk,tw1z,TVbz,JElk
s1lt,TVls,tIst,f1ps,TVbz,fIps
kl1f,nVkt,Sr7z,fr1k,snVm,skw7
s1bd,jVlk,junT,s1bz,fVlz,nund
sw1g,JEns,mQSt,t1St,kwEg,Qmps
h1ps,gwEl,Sr{k,J1bd,zEkt,sk{N
pr1s,swEs,gVkt,t1ft,TEnT,prVk
n1nJ,_Eft,kwIS,gw1m,JEnz,hINk
sn1m,wElf,gr7z,n1nJ,smEk,dr7d
Tw1t,nElz,fumz,gw1f,gElf,gluS
kl1d,Ikst,jQNk,kw1t,Isks,dwQz
fl1p,klIz,v{dz,t1ft,JInJ,kw{p
bl1C,klIz,snVm,Tr1t,swIk,klVg
p1bz,dwIf,sElm,sk1C,gwIg,fEfs
v1bz,twIv,fr7z,dw1v,zIfs,tw7z
dr1t,gIlJ,wumd,n1nJ,trIg,fjus
v1ks,pr7d,nQfT,bl1l,Sr7z,tQls
br1J,dr7d,kw{b,fr1b,fl7z,k{lT
dw1k,br7z,kVl_,sk1m,dr7d,brVk
s1pt,dr7d,kwEg,S1bd,skr7,tEln
dr1b,fl7z,SIdz,Tw1t,skw7,_Il_
sn1z,gl7z,bruk,T1vz,skr7,brus
f1ps,twuf,brQn,sp1l,skuJ,pQnz
n1bz,slut,kr{N,fr1b,truf,w{fs
n1lt,Subz,rVmz,kl1d,wunz,nVlm
dr1m,suld,smEk,T1ks,wumd,TwEk
d1nJ,Tust,mIpt,f1Tt,wuld,blIn
sm1z,bruv,fl7z,pr1f,Tups,skw7
nInT,zQft,sp{b,grIS,fQvd,sp{g
drIk,fQlk,SrVn,JIlJ,JQpT,nVvz
hITs,nQln,gEnd,sICt,vQmT,jEls
nIdz,TQlz,sk1_,mIGT,nQft,kw1b
nIft,gQpt,Sr7z,gIns,sQvd,Sr7z
tITt,vQnJ,guks,vIlT,sQnz,Tuld
nIgz,kw{g,rQnT,JIns,n{kt,TwQs
zIfs,w{nd,jVsk,swIk,z{lv,nVSt
TwIn,z{lf,sENk,grIs,{nTs,rElT
glIf,n{kt,s1mT,sImT,n{ld,f1ps
gIns,J{vz,skw7,flIf,s{lk,skw7
Ilbd,j{ft,bjuk,wIlC,T{mz,dwul
sIlv,flVl,vQdz,gIkt,mVNT,lQlv
rIlk,kVn_,fr{n,drIk,nVkt,sp{g
gITt,vVmT,frEp,tITt,krVt,hEnd
SIGT,twVg,f1mz,glIl,zVst,w1gz
nIlk,hVkt,skr7,skIk,TVlp,pr7d
zInJ,glVn,flub,CInd,gwVd,skuk
bImf,rEmT,pQl_,gwIg,JElJ,klQv
hInC,nElz,dw{l,kwIS,fEft,z{nT
nIns,fEkt,SVzd,plIt,mEmp,kVNT
pIlf,nEgz,w1ps,SIlt,pEpT,pr1s
sIfT,zEld,skw7,SIks,fEln,Tr7d
mIgz,tEfs,puzd,prIS,dEnd,sund
snIS,Sr1z,gQlk,kwIg,_1vd,TQlv
plId,p1gz,n{lk,zImd,S1Jt,v{mz
zIgz,fl1p,kVgz,vIln,kw1g,nVft
plIz,p1kt,JEpt,pIdz,n1_d,smEJ
kwIm,fl1f,gr7z,kwIg,pr1m,Tr7d
nImT,v1ts,kwuT,fIsk,k1gz,kwub
bIgd,tw7z,rQnJ,dwIm,Tr7d,Qlks
frIC,dr7d,_{ln,glIl,Tr7d,J{vz
dIGk,gr7z,klVm,jInz,gr7z,frVk
glIf,tw7z,_El_,gwId,pl7z,JEft
sIgz,fl7z,kl1n,gITt,Tr7d,l1gz
nIlT,pl7z,drut,plIz,pl7z,kunT
fIfs,flud,hQnJ,smId,njuf,nQln
kInz,sumT,gw{n,vIgz,Trum,kw{S
nIlm,fuzd,SrVn,prIz,ruSt,frVg
pIsk,kuks,vElm,gImp,Jugd,nEmT
bImf,prub,l1pT,blIG,pruJ,_1zd
CICt,dwug,br7z,twIT,krut,fr7z
fl7z,klQs,r{ld,tw7z,vQTt,kw{n
fr7z,hQnJ,kwVk,pl7z,prQg,spVs
gr7z,swQm,kwEm,pl7z,nQft,krE_
pr7d,jQnt,gw1l,gl7z,fQlk,gr1f
fl7z,nQNk,JIkt,pl7z,prQk,jIlT
br7z,fQnJ,nuks,gr7z,Qndz,rubd
Sr7z,T{zd,jQlz,fr7z,k{bd,mQmT
gl7z,w{nz,zVn_,pr7d,dw{s,nVkt
dr7d,n{nt,gElf,pl7z,kw{g,wEn_
fl7z,p{n_,n1pT,fr7z,f{mz,fl1p
pr7d,t{ft,sIgz,dr7d,f{ft,TIps
fr7z,br{z,vuld,pl7z,f{fs,truf
fr7z,fVlb,sQsk,skr7,lVnT,nQnT
skw7,gVfs,m{md,fr7z,SrVm,kw{n
skw7,Vlft,kwEs,gr7z,smVd,klES
gl7z,TVpt,k1md,fr7z,rVlz,d1ld
fr7z,smVJ,twIv,skw7,rVpt,_Ivz
fr7z,Vlft,fund,pl7z,gVNT,nund
pr7d,jEks,zQgd,gl7z,jEst,rQnd
pl7z,gEks,n{kt,dr7d,JEJt,kw{m
br7z,skEs,Vlft,dr7d,kElv,zVst
skr7,nEJt,t1mT,Sr7z,rEmT,h1gd
pr7d,nENk,TwIp,fl7z,TEsk,twIm
pr7d,wEkt,buks,fl7z,dEpt,kwuk
skr7,n1lt,kwQ_,tw7z,fr1S,krQn
tw7z,n1_d,n{sk,tw7z,n1st,r{lt
Tr7d,sl1m,smVm,Tr7d,dr1t,bVfT
br7z,kl1D,bEns,skw7,kl1n,pElb
fr7z,r1fs,krIg,skr7,f1vd,jIgd
dr7d,j1mT,krum,Sr7z,s1pt,nuvd
gr7z,blIb,sQsk,Tr7d,mIgz,nQNk
fl7z,SIn_,n{Ts,tw7z,drIS,g{zd
pl7z,rImT,zVn_,tw7z,TIft,dVmz
skw7,gInd,kwET,gr7z,nIfs,TEmT
br7z,fIJt,tw1f,fl7z,JImz,sk1k
Tr7d,lImT,kunT,tw7z,JIkt,gluS
tw7z,gjub,fQl_,fl7z,gwul,snQf
pl7z,kruk,n{nz,fl7z,stuz,t{ns
Sr7z,Srut,gVls,Tr7d,juld,rVpt
br7z,Jumd,_En_,dr7d,skuf,wEsp
dr7d,wupT,d1ld,pl7z,bjuk,s1bz
gl7z,Sruk,gIkt,dr7d,sjum,gwIz
zugd,dQsk,w{lT,zupt,glQJ,v{pt
nund,tQvz,hVkt,munt,wQvd,lVnT
Twun,smQS,Elmd,skuf,JQSt,JElJ
nupt,wQns,Sr1k,Trub,rQnd,sk1d
nuld,mQSt,brIs,zufs,glQJ,mImp
fumT,TQln,Sr7z,fluS,TQlv,tw7z
Twus,n{dz,krQm,Cudz,k{fT,nQlz
mups,k{st,brVs,fruS,r{dz,glVk
kwuk,kw{b,dEnd,wunz,d{lz,prEz
sulz,w{Jt,b1nd,klub,h{lv,m1vz
jups,p{ft,nIsp,sust,w{vz,hIsk
Tund,h{sk,fr7z,nubz,n{Ts,br7z
druC,nVns,klQl,Juzd,rVps,pQft
Subz,zVgd,kw{_,sups,nVpT,fl{z
gumd,wVmT,grEf,puCt,JVlv,wEn_
hulz,dVpt,dw1s,rugd,nVnT,w1md
krum,SVps,twIS,fupt,kVkt,nIgd
njus,SVbz,fr7z,prub,SVbz,Sr7z
pugd,hEnd,smQd,gwuC,kwEJ,flQb
snub,zEkt,m{ft,truv,fEps,T{ft
wudz,sEls,zVst,puft,nEn_,nVpT
fruz,zEmd,S1pT,gwuC,TENk,m1nT
kumd,smEf,hIld,gruf,wElm,fIsk
runT,gEfs,dr7d,huTs,SEks,fr7z
lulz,J1ld,tQkt,Tund,Sr1n,nQNk
kruS,kr1m,n{mp,grul,sn1f,b{pT
kluS,w1gz,gVlb,gluk,r1md,kVlp
kufs,kl1z,kwEm,pruk,gl1_,glEl
sumz,pr1g,nIsp,wubd,z1fs,sIJt
Sruk,j1bz,gl7z,wunz,l1gz,Tr7d
Tubd,krIn,nQln,Jupt,gIkt,gQnd
fjun,slIg,w{ln,nubz,swIk,s{fT
druk,hITs,nVvz,gwuD,plI_,grVJ
skud,gIlJ,pEpT,fluf,rIlk,wEkt
jumd,tIlk,n1zd,fund,nIgd,gw1k
fruv,mIpt,Tr7d,kwuJ,SIn_,br7z
krum,gr7z,mQSt,kwut,fl7z,gQmp
fluJ,br7z,w{nd,klut,pr7d,fr{m
muft,Sr7z,trVm,frug,skr7,vVvd
fruk,dr7d,kEmf,pluv,fl7z,sEnJ
kwud,fr7z,Tw1z,fuCt,skr7,sk1f
frun,gl7z,rImT,suCt,fl7z,sImp